"id","subject","topic","difficulty","type","question","option_a","option_b","option_c","option_d","correct_answer","explanation","code_snippet"
"1","Nykaa Interview","Framework Explanation","Medium","scenario","You are asked to explain the automation framework you built for an e-commerce site like Nykaa. Which design pattern is most commonly used in Selenium page-based frameworks?","Singleton Pattern","Page Object Model (POM)","Factory Pattern","Observer Pattern","B","Page Object Model (POM) is the industry-standard design pattern for Selenium frameworks. It creates a class for each page, encapsulating locators and actions, improving maintainability and reusability in e-commerce test suites.",""
"2","Nykaa Interview","Framework Explanation","Medium","mcq","In a POM-based framework for Nykaa, where should you store element locators for the product listing page?","Inside the test methods directly","In a separate ProductListingPage class","In a global constants file only","In the conftest.py file","B","POM dictates that each page has its own class containing locators and page-specific methods. This keeps the code organized and makes maintenance easier when UI changes.",""
"3","Nykaa Interview","Framework Explanation","Hard","scenario","Your Nykaa e-commerce framework uses POM with a BasePage class. Which combination of components would form a robust hybrid framework?","POM + Keyword Driven + Data Driven","Only POM","Only Data Driven","Only Keyword Driven","A","A hybrid framework combining POM for structure, keyword-driven for reusability, and data-driven for parameterized tests provides the most comprehensive coverage for e-commerce applications.",""
"4","Nykaa Interview","String Manipulation","Medium","output","What is the output of the following Python code that reverses words in a string?","ykaaN si tseb","best is Nykaa","Nykaa is best","Error","A","The code splits the string into words, reverses each word individually using slicing [::-1], then joins them back. Each word is reversed in place while maintaining word order.","s = ""Nykaa is best""\nresult = ' '.join(word[::-1] for word in s.split())\nprint(result)"
"5","Nykaa Interview","String Manipulation","Medium","output","What does this code print?","dcba@#fe","abcd@#ef","ef#@dcba","fe@#dcba","A","The function reverses only the alphabetic characters while keeping special characters (@, #) in their original positions. It uses two pointers to swap only alpha chars.","def reverse_without_special(s):\n    chars = list(s)\n    l, r = 0, len(chars) - 1\n    while l < r:\n        if not chars[l].isalpha():\n            l += 1\n        elif not chars[r].isalpha():\n            r -= 1\n        else:\n            chars[l], chars[r] = chars[r], chars[l]\n            l += 1\n            r -= 1\n    return ''.join(chars)\n\nprint(reverse_without_special(""abcd@#ef""))"
"6","Nykaa Interview","API Status Codes","Easy","mcq","Which HTTP status code indicates that the Nykaa API server is temporarily unavailable due to maintenance or overload?","404","500","503","401","C","503 Service Unavailable means the server is temporarily unable to handle the request, usually due to maintenance or overload. This is common during high-traffic sales events on e-commerce platforms.",""
"7","Nykaa Interview","API Status Codes","Easy","mcq","When you successfully add a product to the cart via Nykaa's API, which status code is most appropriate for the response?","200 OK","201 Created","204 No Content","202 Accepted","B","201 Created is the correct status code when a new resource (cart item) has been successfully created on the server.",""
"8","Nykaa Interview","API Status Codes","Medium","mcq","A QA engineer gets a 429 status code while testing Nykaa's search API. What does this indicate?","Server error","Resource not found","Too many requests (rate limiting)","Unauthorized access","C","HTTP 429 Too Many Requests indicates the user has sent too many requests in a given amount of time. E-commerce APIs implement rate limiting to prevent abuse.",""
"9","Nykaa Interview","HTTP Methods","Medium","mcq","Which HTTP method should be used to partially update a user's shipping address on Nykaa?","GET","POST","PUT","PATCH","D","PATCH is used for partial updates. PUT replaces the entire resource, while PATCH modifies only the specified fields. For updating just the pin code in an address, PATCH is appropriate.",""
"10","Nykaa Interview","HTTP Methods","Medium","mcq","What is the key difference between PUT and POST when updating a product in the Nykaa catalog?","PUT is idempotent and replaces the entire resource; POST creates a new resource","PUT creates resources; POST updates them","They are identical in behavior","PUT is faster than POST","A","PUT is idempotent, meaning multiple identical requests produce the same result. It replaces the entire resource. POST is used to create new resources and is not idempotent.",""
"11","Nykaa Interview","PUT vs POST vs PATCH","Hard","mcq","An API endpoint /api/products/123 receives three different requests. Which statement is correct about PUT, POST, and PATCH?","PUT replaces entire product, PATCH updates specific fields, POST should not be used on existing resource URIs","All three can create new resources at the same URI","PATCH replaces entire product, PUT updates specific fields","POST is idempotent while PUT is not","A","PUT replaces the full resource representation, PATCH applies partial modifications, and POST to an existing resource URI is unconventional since POST is typically used on collection endpoints to create new resources.",""
"12","Nykaa Interview","Pytest and Fixtures","Medium","mcq","In a Nykaa test suite, which pytest fixture scope ensures the browser opens once for the entire test session?","scope=""function""","scope=""class""","scope=""module""","scope=""session""","D","scope=""session"" makes the fixture execute only once for the entire test session. This is efficient for browser setup when tests can share the same browser instance.",""
"13","Nykaa Interview","Pytest and Fixtures","Medium","output","What is the output of this pytest fixture code when two tests use it?","Setup called twice, both tests see value 42","Setup called once, both tests see value 42","Error: fixture cannot return values","Setup called once, second test sees None","A","With default function scope, the fixture runs before each test function. So setup_data is called twice, once for each test.","import pytest\n\n@pytest.fixture\ndef setup_data():\n    print(""Setup called"")\n    return 42\n\ndef test_one(setup_data):\n    assert setup_data == 42\n\ndef test_two(setup_data):\n    assert setup_data == 42"
"14","Nykaa Interview","Pytest and Fixtures","Hard","mcq","How do you parameterize a pytest fixture to test Nykaa's search with multiple product categories?","@pytest.fixture(params=[""lipstick"", ""foundation"", ""serum""])","@pytest.fixture.parametrize([""lipstick"", ""foundation"", ""serum""])","@pytest.param(fixture=[""lipstick"", ""foundation"", ""serum""])","@pytest.fixture(data=[""lipstick"", ""foundation"", ""serum""])","A","pytest fixtures support parameterization via the params argument. Each param value triggers a separate test run with that fixture value available via request.param.",""
"15","Nykaa Interview","E-commerce Scenarios","Medium","scenario","A user adds a product to their Nykaa cart, but the cart count does not update on the UI. What is the most systematic debugging approach?","Only check the database","Check API response in Network tab, verify cart API returns updated count, check if frontend state management updates correctly, inspect DOM for stale elements","Restart the server","Clear browser cache only","B","A systematic approach involves checking the full stack: verify the API response contains the correct cart count, check if the frontend state (Redux/context) receives and processes the update, and inspect the DOM to see if re-rendering occurs.",""
"16","Nykaa Interview","E-commerce Scenarios","Medium","scenario","During Nykaa's sale event, the 'Add to Bag' button is clickable but nothing happens. Which Selenium approach would help debug this?","Use driver.find_element only","Use WebDriverWait with expected_conditions, check for overlapping elements using JavaScript, verify network requests using browser logs","Use time.sleep(10) before clicking","Increase implicit wait to 60 seconds","B","Using explicit waits ensures the element is interactable. JavaScript execution can check for overlay elements blocking clicks. Enabling browser logs captures network failures that may explain why the action does not complete.",""
"17","Nykaa Interview","Debugging Tools","Medium","mcq","In Chrome DevTools Network tab, which filter would you use to find the API call made when searching for a product on Nykaa?","Doc","XHR/Fetch","JS","CSS","B","XHR/Fetch filter in the Network tab shows AJAX requests and fetch API calls. Product search APIs are typically called via XHR or fetch, making this filter the right choice to isolate API traffic.",""
"18","Nykaa Interview","Debugging Tools","Hard","scenario","You see a spike in API response times in New Relic for Nykaa's product detail page. What should you investigate first?","Ignore it and wait","Check the specific transaction traces, database query performance, external service call latencies, and server resource utilization in New Relic APM","Restart all servers immediately","Only check frontend load times","B","New Relic APM provides transaction traces that break down time spent in each component. Checking database queries for slow queries, external service calls, and server CPU/memory helps identify the root cause of the spike.",""
"19","Nykaa Interview","New Relic","Medium","mcq","Which New Relic feature helps identify the slowest database queries affecting Nykaa's checkout flow?","Browser monitoring","Database query analysis in APM","Synthetics","Infrastructure alerts only","B","New Relic APM's database query analysis shows the slowest SQL queries, their frequency, and throughput. This helps identify bottleneck queries in critical flows like checkout.",""
"20","Nykaa Interview","Feature Debugging","Hard","scenario","A specific user reports that product images are not loading on Nykaa, but other users see them fine. What is your debugging approach?","Tell the user to buy a new device","Check user's browser/device/OS, CDN caching behavior, user-specific cookies or local storage, ad-blocker or network proxy interference, and test with the same user session token","Redeploy the entire application","Only test on Chrome desktop","B","User-specific issues often stem from browser compatibility, cached resources, ad-blockers, corporate proxies, or corrupted local storage. Testing with the same session/token and replicating the user's environment is essential.",""
"21","Nykaa Interview","Mocking in Testing","Medium","mcq","When testing Nykaa's product listing UI, how would you mock the backend API response in a frontend test?","You cannot mock API responses","Use libraries like unittest.mock or responses to intercept HTTP calls and return predefined JSON","Modify the production database directly","Disable the API server","B","Libraries like unittest.mock (for Python) or responses/requests-mock allow intercepting HTTP calls and returning controlled responses. This isolates frontend testing from backend dependencies.",""
"22","Nykaa Interview","SQL JOIN Queries","Medium","mcq","Which SQL query correctly retrieves all customers and their orders from Nykaa, including customers who have not placed any orders?","SELECT * FROM customers INNER JOIN orders ON customers.id = orders.customer_id","SELECT * FROM customers LEFT JOIN orders ON customers.id = orders.customer_id","SELECT * FROM customers RIGHT JOIN orders ON customers.id = orders.customer_id","SELECT * FROM customers CROSS JOIN orders","B","LEFT JOIN returns all rows from the left table (customers) and matching rows from orders. Customers without orders will have NULL in order columns, which is exactly what we need to include all customers.",""
"23","Nykaa Interview","SQL UPDATE Queries","Medium","mcq","Which SQL query correctly updates the price of product ID 101 in Nykaa's catalog to 599.00?","UPDATE products SET price = 599.00 WHERE product_id = 101","UPDATE products price = 599.00 WHERE product_id = 101","MODIFY products SET price = 599.00 WHERE product_id = 101","UPDATE products SET price = 599.00","A","The correct UPDATE syntax requires SET to assign values and WHERE to target specific rows. Option D would update ALL products, which is dangerous without a WHERE clause.",""
"24","Nykaa Interview","SQL JOIN Queries","Hard","mcq","To find products that have never been ordered on Nykaa, which query is most efficient?","SELECT p.* FROM products p LEFT JOIN order_items oi ON p.id = oi.product_id WHERE oi.product_id IS NULL","SELECT * FROM products WHERE id NOT IN (SELECT product_id FROM order_items)","Both A and B produce the same result but A is generally more efficient","SELECT * FROM products CROSS JOIN order_items","C","LEFT JOIN with IS NULL check is generally more efficient than NOT IN with a subquery, especially on large tables. Both return the same logical result, but the JOIN approach allows better query plan optimization.",""
"25","Nykaa Interview","Mobile Testing","Medium","mcq","When testing Nykaa's mobile app on both Android and iOS, which tool supports cross-platform test automation?","Selenium WebDriver alone","Appium","JUnit only","Postman","B","Appium is the industry-standard tool for cross-platform mobile automation. It supports both Android (UIAutomator2) and iOS (XCUITest) using the same API, similar to Selenium's WebDriver protocol.",""
"26","Nykaa Interview","Backend Architecture","Hard","scenario","During a Nykaa interview, you are asked to explain microservices architecture. Which statement best describes how Nykaa's backend might be structured?","One monolithic application handles everything","Separate services for catalog, cart, payment, user management, each with their own databases, communicating via REST APIs or message queues","Only two services: frontend and backend","A single database shared across all services with no API layer","B","Modern e-commerce platforms like Nykaa use microservices where each domain (catalog, cart, payment, users) has its own service and database. They communicate via REST APIs or asynchronous message queues for scalability and independent deployment.",""
"27","Nykaa Interview","Deployment Monitoring","Medium","mcq","During a code deployment to Nykaa's production environment, which metric should you monitor first?","Only CPU usage","Error rate, response time (latency), throughput (requests per second), and server resource utilization","Only disk space","Only number of active users","B","During deployment, the key metrics to watch are error rate (for new bugs), response time (for performance regression), throughput (for capacity issues), and resource utilization (CPU, memory) to catch any deployment-related issues quickly.",""
"28","Nykaa Interview","503 Error Handling","Medium","mcq","A Nykaa page returns a 503 error during a flash sale. What is the most likely cause?","Page not found","Server is overloaded or under maintenance and temporarily cannot handle the request","Invalid user credentials","Malformed request body","B","503 Service Unavailable indicates the server is temporarily unable to handle the request due to overload or scheduled maintenance. During flash sales, high traffic can overwhelm servers, causing 503 errors.",""
"29","Nykaa Interview","Caching Concepts","Medium","mcq","Which caching strategy would best improve the performance of Nykaa's product catalog page?","No caching, always fetch fresh data","CDN caching for static assets, Redis/Memcached for frequently accessed product data, browser caching for images","Only browser local storage","Only database indexing","B","A multi-layer caching strategy using CDN for static content, Redis/Memcached for dynamic but frequently accessed data, and browser caching for images provides the best performance improvement for e-commerce catalog pages.",""
"30","Nykaa Interview","Caching Concepts","Hard","mcq","What is cache invalidation and why is it critical for Nykaa's pricing during sales?","It means clearing all caches permanently","It is the process of removing or updating stale cached data when the source data changes, ensuring users see updated prices during sales","It means increasing cache TTL","It only applies to browser cookies","B","Cache invalidation ensures that when product prices change (e.g., during a sale), the cached old prices are replaced with new ones. Showing stale prices can lead to revenue loss and customer complaints.",""
"31","Nykaa Interview","Client vs Server Integration","Medium","mcq","In Nykaa's architecture, what is the key difference between client-side and server-side rendering for the product page?","No difference","Client-side rendering loads a blank page and JavaScript builds the DOM; server-side rendering sends fully formed HTML from the server","Client-side is always faster","Server-side cannot use JavaScript","B","Client-side rendering (CSR) sends minimal HTML and JavaScript builds the page in the browser. Server-side rendering (SSR) generates complete HTML on the server. SSR improves initial load time and SEO, which is critical for e-commerce product pages.",""
"32","Nykaa Interview","Codeless Automation","Easy","mcq","Which of the following is a codeless (no-code/low-code) automation tool that can be used for testing Nykaa's web application?","Vim","Katalon Studio","Notepad++","MySQL Workbench","B","Katalon Studio offers a codeless test automation approach with record-and-playback features, making it accessible for testers without programming expertise while still supporting scripting for advanced scenarios.",""
"33","Nykaa Interview","Localization Testing","Hard","scenario","Nykaa plans to launch in the Middle East with Arabic language support. What is the most critical UI testing concern?","Only font size","Right-to-Left (RTL) layout rendering, mirrored navigation, correct text alignment, date/currency format changes, and bidirectional text handling","Only translation accuracy","Only color scheme changes","B","Arabic is a Right-to-Left (RTL) language, requiring mirrored UI layouts, reversed navigation flows, right-aligned text, localized date/number/currency formats, and proper handling of bidirectional text (when English and Arabic appear together).",""
"34","Nykaa Interview","Selenium Add to Cart","Medium","output","What does this Selenium code do when executed against an e-commerce product page?","Navigates to Nykaa and prints the page title only","Navigates to a product page, clicks Add to Bag, waits for cart count to update, and asserts the cart has 1 item","It will throw an error because WebDriverWait is not imported","Only opens the browser without any action","B","The code navigates to a product URL, waits for and clicks the Add to Bag button, then waits for the cart badge to show '1', verifying the add-to-cart functionality works correctly.","from selenium import webdriver\nfrom selenium.webdriver.common.by import By\nfrom selenium.webdriver.support.ui import WebDriverWait\nfrom selenium.webdriver.support import expected_conditions as EC\n\ndriver = webdriver.Chrome()\ndriver.get(""https://www.nykaa.com/product/123"")\nadd_btn = WebDriverWait(driver, 10).until(\n    EC.element_to_be_clickable((By.CSS_SELECTOR, "".add-to-bag-btn""))\n)\nadd_btn.click()\ncart_count = WebDriverWait(driver, 10).until(\n    EC.text_to_be_present_in_element((By.CLASS_NAME, ""cart-count""), ""1"")\n)\nassert ""1"" in driver.find_element(By.CLASS_NAME, ""cart-count"").text"
"35","Nykaa Interview","XPath Writing","Medium","mcq","Which XPath correctly locates the search input field on Nykaa's homepage if it has placeholder text 'Search on Nykaa'?","//input[@placeholder='Search on Nykaa']","//input[placeholder='Search on Nykaa']","//input{@placeholder='Search on Nykaa'}","//input[@placeholder=='Search on Nykaa']","A","The correct XPath syntax uses //tag[@attribute='value']. Option B is missing the @ symbol for attribute reference. Option C uses curly braces instead of square brackets. Option D uses double equals which is invalid XPath syntax.",""
"36","Nykaa Interview","XPath Writing","Hard","mcq","To locate a dynamic product card on Nykaa that contains the text 'Lakme' anywhere in its child elements, which XPath is most reliable?","//div[@class='product-card'][contains(., 'Lakme')]","//div[@class='product-card' and text()='Lakme']","//div[@class='product-card']/text()='Lakme'","//div[@class='product-card'][@text='Lakme']","A","contains(., 'Lakme') searches the entire text content of the element and its descendants. text()='Lakme' only matches direct text nodes and would miss text inside nested child elements.",""
"37","Nykaa Interview","Product of Array","Hard","output","What is the output of this program?","[120, 60, 40, 30, 24]","[1, 2, 3, 4, 5]","[24, 30, 40, 60, 120]","Error","A","The function computes for each index the product of all other elements. For index 0: 2*3*4*5=120, index 1: 1*3*4*5=60, index 2: 1*2*4*5=40, index 3: 1*2*3*5=30, index 4: 1*2*3*4=24.","def product_except_self(nums):\n    n = len(nums)\n    result = [1] * n\n    prefix = 1\n    for i in range(n):\n        result[i] = prefix\n        prefix *= nums[i]\n    suffix = 1\n    for i in range(n - 1, -1, -1):\n        result[i] *= suffix\n        suffix *= nums[i]\n    return result\n\nprint(product_except_self([1, 2, 3, 4, 5]))"
"38","Nykaa Interview","Reverse Words Program","Medium","output","What is the output of this code?","World Hello","Hello World","olleH dlroW","dlroW olleH","A","The code splits the string by spaces into a list of words, reverses the list using [::-1], and joins them back with a space. This reverses word order, not the characters within words.","def reverse_words(s):\n    return ' '.join(s.split()[::-1])\n\nprint(reverse_words(""Hello World""))"
"39","Nykaa Interview","Card Validation","Medium","scenario","How does the frontend validate a credit card number input on Nykaa's checkout page?","By sending every keystroke to the backend for validation","Using the Luhn algorithm on the client side to validate the card number format, checking card type by prefix (4 for Visa, 5 for Mastercard), and masking the input for security","No validation happens on the frontend","Only checking if the field is not empty","B","Frontend card validation uses the Luhn algorithm to verify the checksum, identifies card type by prefix digits, enforces length constraints, and masks input for security. Full authorization happens server-side with the payment gateway.",""
"40","Nykaa Interview","DevTools Network Tab","Hard","scenario","You need to identify which API call loads product recommendations on Nykaa's product page. How do you find it using DevTools?","Read the entire page source code","Open Network tab, filter by XHR/Fetch, scroll to trigger recommendations, look for requests with 'recommend' or 'suggest' in the URL, inspect the response payload for product data","Only check the Console tab","Only use the Elements tab","B","The Network tab with XHR/Fetch filter shows API calls. Triggering the UI action while recording helps identify the exact request. Inspecting the URL path and response body confirms which endpoint serves the recommendation data.",""
"41","Nykaa Interview","Edge Cases","Hard","scenario","What are critical edge cases you would test for Nykaa's 'Add to Bag' feature?","Only test with one product","Adding same product multiple times, adding out-of-stock items, adding maximum quantity allowed, concurrent adds from multiple tabs, adding during price change, network timeout during add, adding while not logged in, and cart persistence across sessions","Only test the happy path","Only test on one browser","B","Edge cases for Add to Bag include boundary conditions (max quantity, zero stock), concurrency (multiple tabs), state changes (price updates during add), error handling (network failures), authentication states, and data persistence across sessions.",""
"42","Nykaa Interview","Defect Lifecycle","Easy","mcq","What is the correct sequence of states in a standard defect lifecycle?","New -> Open -> Fixed -> Closed","Open -> New -> Closed -> Fixed","Fixed -> Open -> New -> Closed","Closed -> Open -> Fixed -> New","A","The standard defect lifecycle follows: New (reported) -> Open (accepted by dev team) -> Fixed (developer resolves) -> Closed (verified by QA). Additional states like Reopen, Deferred, or Rejected may exist depending on the process.",""
"43","Nykaa Interview","Defect Lifecycle","Medium","mcq","A bug you found on Nykaa's checkout page is marked as 'Cannot Reproduce' by the developer. What should you do?","Close the bug immediately","Provide detailed steps with screenshots, browser/OS info, test data used, and screen recording, then reopen with additional evidence","Argue with the developer","File a new bug instead","B","When a bug cannot be reproduced, providing more context helps: exact steps, environment details, test data, screenshots/recordings, and logs. This enables the developer to replicate the issue accurately.",""
"44","Nykaa Interview","API Response Handling","Medium","mcq","When the Nykaa frontend receives a paginated API response for product listings, which fields are typically included for pagination?","Only the product array","Total count, current page, page size (limit), total pages, and the product data array","Only the current page number","Only a boolean hasMore flag","B","Standard paginated API responses include total count of items, current page number, page size (items per page), total pages calculated from count and size, and the data array. This enables the frontend to render pagination controls correctly.",""
"45","Nykaa Interview","Backend Frontend Integration","Hard","mcq","In Nykaa's architecture, what mechanism ensures the frontend cart stays in sync with the backend cart service?","The frontend never communicates with the backend","API polling at intervals, WebSocket connections for real-time updates, or optimistic UI updates with server reconciliation","Only local storage synchronization","Only manual page refresh","B","Modern e-commerce platforms use a combination of approaches: optimistic UI updates (immediately reflecting user actions), periodic API polling or WebSocket connections for real-time sync, and server reconciliation to handle conflicts between client and server state.",""
